Date;Current;Pressure;Temperature;Thermocouple;Voltage;Volume Flow RateRMS
2020-03-01 15:44:06;1.27794;0.054711;92.2562;22.2577;209.639;76.0197
2020-03-01 15:44:07;1.12118;-0.273216;92.0144;22.2577;221.25;76.9806
2020-03-01 15:44:08;1.93242;0.054711;92.2413;22.2748;236.615;76.0197
2020-03-01 15:44:09;1.25962;-0.273216;92.2438;22.2657;230.375;77.0
2020-03-01 15:44:10;1.59773;0.054711;92.3611;22.2591;249.701;77.0
2020-03-01 15:44:11;1.2084;0.382638;92.2081;22.2717;232.458;77.0
2020-03-01 15:44:12;0.712917;0.382638;92.2305;22.2644;220.934;77.0
2020-03-01 15:44:13;1.32975;0.054711;92.3508;22.2651;238.203;76.9806
2020-03-01 15:44:14;1.86596;0.054711;92.2582;22.2651;242.887;76.0197
2020-03-01 15:44:15;1.36674;0.054711;92.2867;22.2602;238.303;77.0
2020-03-01 15:44:16;1.19339;0.054711;92.3134;22.2546;222.332;77.0
2020-03-01 15:44:18;2.20982;0.054711;92.3117;22.2623;251.703;76.9806
2020-03-01 15:44:19;1.43207;0.382638;92.2276;22.2713;224.992;76.0197
2020-03-01 15:44:20;1.354;-0.273216;92.3195;22.2602;232.279;77.0
2020-03-01 15:44:21;2.058;0.054711;92.3987;22.2573;233.26;77.0
2020-03-01 15:44:22;1.26552;0.382638;92.3622;22.2563;221.175;76.9806
2020-03-01 15:44:23;1.88323;0.382638;92.2179;22.2563;239.941;76.0197
2020-03-01 15:44:24;2.22662;-0.601143;92.3079;22.2655;241.949;77.0
2020-03-01 15:44:25;1.55682;-0.601143;92.4039;22.2659;227.011;77.0
2020-03-01 15:44:26;1.81017;0.382638;92.543;22.26;247.16;77.0
2020-03-01 15:44:27;1.80277;0.382638;92.5555;22.2606;238.952;77.0
2020-03-01 15:44:28;1.40275;0.054711;92.4826;22.2605;232.789;76.0197
2020-03-01 15:44:29;1.9447;0.382638;92.3801;22.2625;233.37;77.0
2020-03-01 15:44:30;1.97453;0.054711;92.8084;22.2622;234.021;76.9806
2020-03-01 15:44:31;2.27031;0.054711;92.6807;22.2622;252.313;76.0197
2020-03-01 15:44:32;1.37916;-0.273216;92.4346;22.2597;231.724;77.0
2020-03-01 15:44:33;1.32476;-0.601143;92.8106;22.2603;230.415;77.0
2020-03-01 15:44:34;1.54211;0.054711;92.376;22.2501;226.532;77.0
2020-03-01 15:44:35;1.88925;0.054711;92.4763;22.2557;241.656;77.0
2020-03-01 15:44:36;1.82353;0.382638;92.7979;22.2635;244.952;77.0
2020-03-01 15:44:37;1.76695;0.054711;92.8387;22.2615;223.53;77.0
2020-03-01 15:44:39;1.84422;0.054711;92.6194;22.2615;222.309;76.9806
2020-03-01 15:44:40;1.67895;0.382638;92.5159;22.2575;232.641;76.0197
2020-03-01 15:44:41;1.86;-0.273216;92.7781;22.2688;242.488;77.0
2020-03-01 15:44:42;1.82197;0.054711;92.813;22.2774;239.014;77.0
2020-03-01 15:44:43;1.69348;0.382638;92.8926;22.2672;228.628;76.9806
2020-03-01 15:44:44;2.17417;-0.273216;92.7195;22.2718;251.294;76.0197
2020-03-01 15:44:45;2.17036;-0.273216;92.8218;22.2751;233.711;77.0
2020-03-01 15:44:46;1.62573;-0.273216;92.8947;22.2751;235.728;76.9806
2020-03-01 15:44:47;1.76529;-0.273216;92.9503;22.2702;222.73;76.0197
2020-03-01 15:44:48;1.38628;0.054711;92.9526;22.2723;223.022;76.9806
2020-03-01 15:44:49;1.29004;0.054711;93.0101;22.2734;245.944;77.0
2020-03-01 15:44:50;0.631171;0.382638;93.0507;22.2679;205.386;77.0
2020-03-01 15:44:51;1.51005;0.054711;93.1136;22.2627;205.342;77.0
2020-03-01 15:44:52;1.1772;0.054711;93.0074;22.2715;232.303;76.9806
2020-03-01 15:44:53;1.40453;0.054711;93.1111;22.2522;229.302;76.0396
2020-03-01 15:44:54;1.46827;0.054711;93.1018;22.2594;242.139;77.9614
2020-03-01 15:44:55;1.44581;0.054711;93.0392;22.2482;230.107;76.0396
2020-03-01 15:44:56;1.40886;0.054711;93.0087;22.2482;229.112;77.9806
2020-03-01 15:44:57;1.50352;-0.273216;93.2043;22.2614;242.253;76.9806
2020-03-01 15:44:59;0.627964;-0.601143;93.2234;22.25;216.155;76.0197
2020-03-01 15:45:00;1.24396;0.054711;93.1864;22.2619;227.603;77.0
2020-03-01 15:45:01;1.35833;0.382638;92.9962;22.2587;230.359;77.0
2020-03-01 15:45:02;1.42464;0.054711;93.0956;22.2577;230.257;76.9806
2020-03-01 15:45:03;1.41413;-0.273216;93.0271;22.2683;207.822;76.0396
2020-03-01 15:45:04;1.34758;-0.273216;93.2439;22.2683;227.389;77.9806
2020-03-01 15:45:05;1.8279;0.054711;93.2681;22.2579;232.349;77.0
2020-03-01 15:45:06;1.18587;0.382638;93.2243;22.2576;227.808;76.9806
2020-03-01 15:45:07;1.49246;0.054711;93.2593;22.261;232.935;76.0197
2020-03-01 15:45:08;1.43839;0.054711;93.1152;22.2532;213.859;77.0
2020-03-01 15:45:09;1.53766;0.054711;93.1575;22.261;207.986;77.0
2020-03-01 15:45:10;1.26774;0.382638;93.3483;22.256;243.391;77.0
2020-03-01 15:45:11;1.44655;-0.273216;93.1606;22.2518;205.828;77.0
2020-03-01 15:45:12;1.1296;-0.273216;93.3483;22.2518;235.902;77.0
2020-03-01 15:45:13;1.72861;-0.273216;93.2821;22.2632;243.906;77.0
2020-03-01 15:45:14;2.31692;0.054711;93.2922;22.2621;251.42;76.9806
2020-03-01 15:45:15;1.61046;0.382638;93.2888;22.2596;209.99;76.0197
2020-03-01 15:45:16;1.26795;0.054711;93.3408;22.2723;234.653;77.0
2020-03-01 15:45:17;1.43751;0.054711;93.2742;22.2595;222.299;76.9806
2020-03-01 15:45:18;1.57915;-0.273216;93.3617;22.2607;230.455;76.0197
2020-03-01 15:45:20;1.14696;0.054711;93.4032;22.2656;231.495;77.0
2020-03-01 15:45:21;1.99258;0.054711;93.3463;22.2656;232.743;76.9806
2020-03-01 15:45:22;1.86677;0.054711;93.3485;22.2692;226.101;76.0197
2020-03-01 15:45:23;1.72531;0.054711;93.4639;22.2597;247.094;77.0
2020-03-01 15:45:24;1.70975;0.054711;93.4182;22.2655;242.116;76.9806
2020-03-01 15:45:25;1.64143;-0.273216;93.3036;22.253;230.246;76.0197
2020-03-01 15:45:26;1.03166;-0.273216;93.3788;22.2542;216.137;77.0197
2020-03-01 15:45:27;1.89702;0.054711;93.4824;22.2549;232.274;77.9806
2020-03-01 15:45:28;1.49738;0.382638;93.5361;22.2562;232.777;77.0
2020-03-01 15:45:29;1.64854;0.382638;93.5001;22.2485;233.192;76.9806
2020-03-01 15:45:30;1.99211;0.054711;93.5097;22.2485;240.313;76.0396
2020-03-01 15:45:31;1.85357;0.054711;93.3762;22.251;244.12;76.0197
2020-03-01 15:45:32;1.90183;0.054711;93.0468;22.2449;227.836;77.0
2020-03-01 15:45:33;1.87383;0.054711;93.3674;22.2494;229.696;77.0
2020-03-01 15:45:34;1.88435;-0.273216;93.6504;22.2467;241.79;76.9806
2020-03-01 15:45:35;1.58711;0.054711;93.6062;22.2464;246.347;76.0197
2020-03-01 15:45:36;1.74864;-0.273216;93.1454;22.2411;215.833;77.0
2020-03-01 15:45:37;1.57546;0.710565;93.6549;22.2398;240.974;77.0
2020-03-01 15:45:38;1.55669;0.710565;93.5102;22.2398;212.695;77.0
2020-03-01 15:45:39;1.82748;0.382638;93.6754;22.2341;222.945;77.0
2020-03-01 15:45:40;1.58333;0.054711;93.4179;22.236;204.295;76.9806
2020-03-01 15:45:41;1.97808;-0.273216;93.5754;22.234;233.876;76.0197
2020-03-01 15:45:43;1.71015;0.382638;93.4844;22.2523;219.764;77.0
2020-03-01 15:45:44;1.50284;-0.273216;93.1835;22.2495;231.235;76.9806
2020-03-01 15:45:45;0.670855;0.382638;93.1279;22.2276;214.796;76.0197
2020-03-01 15:45:46;1.48161;0.382638;93.2399;22.2276;231.079;77.0
2020-03-01 15:45:47;1.95737;0.382638;93.2595;22.2492;231.252;77.0
2020-03-01 15:45:48;1.68204;0.054711;93.2633;22.2476;239.504;77.0
2020-03-01 15:45:49;1.44355;0.054711;93.0989;22.2617;227.72;77.0
2020-03-01 15:45:50;1.96487;0.054711;93.5751;22.2625;230.457;77.0
2020-03-01 15:45:51;0.625714;0.382638;93.2222;22.2586;213.777;76.9806
2020-03-01 15:45:52;1.64997;0.054711;93.2296;22.25;235.455;76.0396
2020-03-01 15:45:53;0.6849;-0.273216;93.2415;22.2662;226.962;77.9806
2020-03-01 15:45:54;1.44024;-0.273216;93.7497;22.2662;220.305;76.0197
2020-03-01 15:45:55;1.75247;0.382638;93.1258;22.264;216.094;77.0
2020-03-01 15:45:56;1.85388;0.054711;93.2882;22.2702;234.139;77.0
2020-03-01 15:45:57;1.84321;-0.273216;93.3396;22.2619;232.837;76.9806
2020-03-01 15:45:58;1.26815;0.382638;93.2296;22.2659;232.096;76.0197
2020-03-01 15:45:59;1.35092;0.382638;93.2056;22.2716;227.294;77.0
2020-03-01 15:46:00;1.47744;0.054711;93.2547;22.2673;235.511;76.9806
2020-03-01 15:46:01;1.50421;0.054711;93.2429;22.2792;249.892;76.0197
2020-03-01 15:46:02;1.35453;0.054711;93.3172;22.2792;232.585;77.0
2020-03-01 15:46:03;1.74873;-0.273216;93.2738;22.2706;227.988;76.9806
2020-03-01 15:46:04;0.628994;0.382638;93.3456;22.2734;208.705;76.0
2020-03-01 15:46:05;1.46016;-0.273216;93.4848;22.2774;233.906;76.0396
2020-03-01 15:46:07;1.7961;0.382638;93.3236;22.2748;219.706;77.9806
2020-03-01 15:46:08;1.43491;0.054711;93.4418;22.2778;234.302;77.0
2020-03-01 15:46:09;1.24333;0.382638;93.2112;22.2819;232.005;77.0
2020-03-01 15:46:10;1.69522;0.054711;93.4691;22.281;229.44;76.9806
2020-03-01 15:46:11;1.5245;0.054711;93.3735;22.281;229.391;76.0197
2020-03-01 15:46:12;1.47789;0.054711;93.4296;22.2764;225.837;77.0
2020-03-01 15:46:13;1.79227;0.710565;93.4267;22.2667;220.627;76.9806
2020-03-01 15:46:14;1.48505;0.054711;93.4053;22.2789;234.515;76.0197
2020-03-01 15:46:15;1.09241;0.054711;93.4603;22.2656;215.793;77.0
2020-03-01 15:46:16;0.975865;-0.273216;93.4336;22.2696;224.747;77.0
2020-03-01 15:46:17;1.97917;0.054711;93.3653;22.2651;227.853;76.0197
2020-03-01 15:46:18;1.82906;0.710565;93.355;22.2646;221.608;77.0
2020-03-01 15:46:19;1.81087;0.710565;93.3641;22.2646;214.767;77.0
2020-03-01 15:46:20;2.0233;0.054711;93.2651;22.2588;241.392;77.0
2020-03-01 15:46:21;1.88479;0.054711;93.2644;22.2619;240.892;76.9806
2020-03-01 15:46:22;1.75254;0.054711;93.2649;22.252;229.501;76.0197
2020-03-01 15:46:23;1.7863;-0.273216;93.395;22.2631;230.354;77.0
2020-03-01 15:46:24;2.11866;-0.273216;93.371;22.2598;249.179;76.9806
2020-03-01 15:46:25;1.911;0.382638;93.4414;22.2573;228.584;76.0197
2020-03-01 15:46:26;1.77232;0.054711;93.4819;22.262;224.736;77.0
2020-03-01 15:46:27;1.89534;0.054711;93.5429;22.257;235.122;77.0
2020-03-01 15:46:29;1.94933;0.054711;93.4627;22.257;225.887;77.0
2020-03-01 15:46:30;1.88067;0.054711;93.5477;22.2573;207.465;77.0
2020-03-01 15:46:31;1.17325;-0.273216;93.8374;22.2615;217.731;77.0197
2020-03-01 15:46:32;1.86452;0.054711;93.4215;22.2646;231.49;77.9614
2020-03-01 15:46:33;0.978261;0.382638;93.68;22.2579;213.157;76.0197
2020-03-01 15:46:34;1.74822;0.382638;93.53;22.2532;231.333;76.9806
2020-03-01 15:46:35;0.969294;-0.273216;93.8188;22.251;207.773;76.0197
2020-03-01 15:46:36;1.99514;0.054711;93.7261;22.253;239.181;77.0197
2020-03-01 15:46:37;2.09821;0.054711;93.4027;22.253;238.911;77.9614
2020-03-01 15:46:38;1.84014;0.054711;93.5293;22.2528;241.071;76.0197
2020-03-01 15:46:39;1.83615;0.382638;93.7503;22.2476;232.128;77.0
2020-03-01 15:46:40;1.82822;0.054711;94.0354;22.2483;232.569;76.9806
2020-03-01 15:46:41;1.94985;-0.273216;93.9659;22.2359;243.201;76.0396
2020-03-01 15:46:42;0.908121;0.054711;93.9552;22.253;216.794;77.9806
2020-03-01 15:46:43;1.90611;0.054711;94.0867;22.2406;205.594;77.0
2020-03-01 15:46:44;1.91552;0.054711;94.0292;22.2507;205.056;77.0
2020-03-01 15:46:45;1.44316;-0.273216;94.05;22.2507;222.551;77.0
2020-03-01 15:46:46;0.777413;0.054711;94.0534;22.2389;245.168;77.0
2020-03-01 15:46:47;1.83051;0.054711;93.9567;22.2493;230.991;77.0
2020-03-01 15:46:48;0.9081;0.054711;93.9798;22.2388;214.614;77.0
2020-03-01 15:46:49;1.13651;-0.273216;93.8372;22.242;238.394;77.0
2020-03-01 15:46:51;1.0658;0.054711;93.9682;22.2412;244.691;77.0
2020-03-01 15:46:52;1.53005;0.382638;94.1985;22.2388;221.727;77.0
2020-03-01 15:46:53;0.841905;0.382638;93.9795;22.2388;214.749;77.0
2020-03-01 15:46:54;1.968;0.054711;94.2721;22.2458;228.304;76.9806
2020-03-01 15:46:55;1.05994;0.382638;94.12;22.245;220.895;76.0197
2020-03-01 15:46:56;1.095;-0.273216;93.9385;22.2484;231.691;77.0197
2020-03-01 15:46:57;1.0775;0.054711;93.9495;22.2498;234.032;77.9806
2020-03-01 15:46:58;1.04962;-0.273216;94.0025;22.2501;231.72;77.0
2020-03-01 15:46:59;1.08406;0.054711;94.1159;22.2525;227.932;77.0197
2020-03-01 15:47:00;1.27422;-0.273216;94.0361;22.2572;251.081;76.0396
2020-03-01 15:47:01;1.60481;0.054711;94.1225;22.2555;234.248;77.9806
2020-03-01 15:47:02;1.26751;0.054711;94.2352;22.2555;227.186;77.0
2020-03-01 15:47:03;0.693204;-0.601143;94.1041;22.2614;207.44;77.0
2020-03-01 15:47:04;0.681999;0.054711;93.99;22.2548;209.232;77.0
2020-03-01 15:47:05;1.58089;0.054711;94.0962;22.2482;232.852;77.0
2020-03-01 15:47:06;1.72503;0.054711;94.1284;22.2593;236.433;77.0
2020-03-01 15:47:07;1.81753;0.382638;94.1201;22.2484;245.385;77.0
2020-03-01 15:47:08;1.96171;0.054711;94.1217;22.2472;232.225;76.9806
2020-03-01 15:47:09;1.25025;0.054711;94.3914;22.2472;226.575;76.0197
2020-03-01 15:47:11;1.48445;0.054711;94.2094;22.2543;232.197;77.0
2020-03-01 15:47:12;1.8422;-0.273216;94.2439;22.2533;242.363;77.0
2020-03-01 15:47:13;1.59077;0.382638;94.2231;22.2633;253.147;76.9806
2020-03-01 15:47:14;1.86136;0.382638;94.2029;22.2422;245.13;76.0197
2020-03-01 15:47:15;1.35905;0.382638;94.1322;22.2501;219.009;77.0
2020-03-01 15:47:16;2.09677;0.710565;94.257;22.2565;241.407;76.9806
2020-03-01 15:47:17;2.06364;0.710565;94.1987;22.2565;245.981;76.0197
2020-03-01 15:47:18;1.19059;0.054711;94.0804;22.2423;231.698;77.0197
2020-03-01 15:47:19;1.06165;-0.273216;94.3064;22.2503;236.013;77.9614
2020-03-01 15:47:20;1.85949;0.054711;94.2318;22.2531;250.963;76.0197
2020-03-01 15:47:21;2.12419;0.054711;94.4026;22.2354;233.562;77.0197
2020-03-01 15:47:22;1.03515;0.054711;94.244;22.2437;232.885;76.0197
2020-03-01 15:47:23;2.0562;0.710565;94.2608;22.2339;246.937;76.9806
2020-03-01 15:47:24;1.91816;0.710565;94.2566;22.2339;234.416;76.0197
2020-03-01 15:47:25;1.89228;-0.273216;94.4869;22.2433;204.273;76.9806
2020-03-01 15:47:26;2.16485;-0.273216;93.8481;22.2425;248.281;76.0197
2020-03-01 15:47:27;1.83003;0.382638;94.5298;22.2462;226.39;76.9804
2020-03-01 15:47:28;1.8294;0.054711;94.4212;22.2297;213.448;76.0
2020-03-01 15:47:29;2.12383;-0.273216;94.2708;22.2424;251.551;76.0401
2020-03-01 15:47:30;1.89828;0.054711;94.3932;22.2324;204.792;77.9609
2020-03-01 15:47:31;2.15329;0.382638;94.3191;22.2425;242.669;76.0199
2020-03-01 15:47:32;1.87404;0.054711;94.0133;22.2388;228.609;77.0
2020-03-01 15:47:33;1.98113;0.054711;94.4255;22.2397;229.813;76.9804
2020-03-01 15:47:35;1.7065;0.054711;93.8368;22.2397;228.675;76.0199
2020-03-01 15:47:36;1.39729;0.054711;93.8281;22.245;231.461;77.0
2020-03-01 15:47:37;1.73891;-0.273216;93.9402;22.2364;242.771;76.9804
2020-03-01 15:47:38;2.23519;-0.601143;94.3433;22.2379;249.724;76.0199
2020-03-01 15:47:39;1.38583;0.054711;94.4385;22.235;212.333;76.9804
2020-03-01 15:47:40;1.35149;-0.273216;93.9389;22.2466;230.193;76.0199
2020-03-01 15:47:41;1.05862;0.054711;93.8941;22.2392;228.273;77.0
2020-03-01 15:47:42;1.61614;0.382638;94.395;22.2357;230.641;77.0
2020-03-01 15:47:43;1.86962;0.382638;93.913;22.2357;241.63;77.0
2020-03-01 15:47:44;1.23124;0.054711;94.0747;22.2394;231.44;76.9804
2020-03-01 15:47:45;0.626664;0.710565;94.0296;22.2414;208.049;76.0199
2020-03-01 15:47:46;1.19478;0.382638;94.0782;22.2323;234.4;77.0
2020-03-01 15:47:47;1.66676;0.382638;94.0018;22.2319;239.27;76.9804
2020-03-01 15:47:48;1.00604;-0.273216;94.0113;22.2352;227.496;76.0199
2020-03-01 15:47:49;1.80328;0.054711;93.9842;22.2251;218.992;76.9804
2020-03-01 15:47:50;1.85244;0.054711;93.8987;22.2251;220.555;76.0199
2020-03-01 15:47:51;1.00299;0.054711;93.961;22.2364;225.639;76.9804
2020-03-01 15:47:52;0.691143;0.054711;94.075;22.2342;208.752;76.0199
2020-03-01 15:47:53;1.22072;0.054711;93.9056;22.2258;246.957;76.9804
2020-03-01 15:47:55;0.875224;0.054711;94.0593;22.2312;224.687;76.0199
2020-03-01 15:47:56;1.11178;0.710565;93.9854;22.2281;217.936;77.0
2020-03-01 15:47:57;1.37768;-0.273216;94.0276;22.2332;237.173;76.9804
2020-03-01 15:47:58;1.66249;0.382638;93.883;22.2285;231.03;76.0199
2020-03-01 15:47:59;1.90611;0.382638;94.0657;22.2285;253.727;76.9804
2020-03-01 15:48:00;1.06971;0.382638;93.7799;22.2318;230.839;76.0199
2020-03-01 15:48:01;1.25402;0.054711;93.9825;22.2321;229.549;77.0
2020-03-01 15:48:02;1.76639;-0.273216;93.91;22.2332;229.381;76.9804
2020-03-01 15:48:03;1.75675;0.054711;94.0712;22.2393;243.306;76.0199
2020-03-01 15:48:04;1.63224;0.054711;94.0102;22.2379;231.179;76.0199
2020-03-01 15:48:05;1.08785;0.054711;94.1401;22.234;231.026;77.0
2020-03-01 15:48:06;1.72728;-0.601143;93.8741;22.2424;234.194;76.9804
2020-03-01 15:48:07;1.10501;-0.601143;94.005;22.2424;231.617;76.0199
2020-03-01 15:48:08;1.9226;0.054711;93.962;22.2356;252.776;76.9804
2020-03-01 15:48:09;1.3239;-0.601143;93.9021;22.2322;237.938;76.0199
2020-03-01 15:48:10;0.78276;0.054711;93.987;22.2382;221.09;76.9804
2020-03-01 15:48:11;2.32813;0.054711;93.9329;22.2346;248.2;76.0
2020-03-01 15:48:12;1.12982;0.382638;94.0446;22.23;228.859;76.0199
2020-03-01 15:48:13;2.30993;0.054711;93.9591;22.2334;251.359;77.0
2020-03-01 15:48:14;1.83177;0.054711;94.0777;22.2334;250.054;77.0
2020-03-01 15:48:16;1.56474;0.054711;93.8407;22.2402;223.701;76.9804
2020-03-01 15:48:17;1.48291;0.382638;93.9158;22.231;207.711;76.0199
2020-03-01 15:48:18;1.64029;0.382638;93.9125;22.2361;227.444;77.0
2020-03-01 15:48:19;2.21155;0.054711;94.227;22.2378;238.611;76.9804
2020-03-01 15:48:20;1.69061;0.054711;94.006;22.2366;234.563;76.0199
2020-03-01 15:48:21;1.63634;0.054711;94.0737;22.2383;207.03;76.9804
2020-03-01 15:48:22;1.677;0.054711;94.669;22.2358;233.304;76.0
2020-03-01 15:48:23;1.87871;-0.273216;94.3688;22.2302;219.763;76.0
2020-03-01 15:48:24;1.74524;-0.273216;93.9971;22.2302;240.326;76.0
2020-03-01 15:48:25;1.60415;0.054711;94.6086;22.2305;230.741;76.0199
2020-03-01 15:48:26;1.46159;-0.601143;94.0894;22.2364;228.123;76.0
2020-03-01 15:48:27;1.93875;0.382638;94.2173;22.2303;241.464;76.0199
2020-03-01 15:48:28;1.49098;0.054711;94.2166;22.2334;226.0;77.0
2020-03-01 15:48:29;2.22063;0.054711;94.2419;22.2301;242.278;76.9804
2020-03-01 15:48:30;1.64172;0.054711;94.0523;22.233;205.067;76.0199
2020-03-01 15:48:31;1.53365;0.054711;94.1749;22.2213;230.818;77.0
2020-03-01 15:48:32;1.9709;0.054711;94.1471;22.2213;238.759;76.9804
2020-03-01 15:48:33;1.83312;-0.273216;93.9857;22.227;222.492;76.0
2020-03-01 15:48:34;1.52356;0.382638;94.0783;22.236;230.239;76.0199
2020-03-01 15:48:35;2.24335;-0.273216;94.2266;22.2216;238.15;77.0
2020-03-01 15:48:37;1.58694;0.054711;94.1547;22.2385;241.132;76.9804
2020-03-01 15:48:38;1.63091;0.054711;94.3177;22.2222;240.577;76.0199
2020-03-01 15:48:39;1.46328;0.054711;94.3926;22.2376;229.727;76.9804
2020-03-01 15:48:40;1.75934;0.054711;94.4696;22.2376;254.511;76.0199
2020-03-01 15:48:41;1.3128;0.054711;94.5256;22.2429;221.155;77.0
2020-03-01 15:48:42;1.63742;0.054711;94.5442;22.2504;228.885;76.9804
2020-03-01 15:48:43;1.5101;-0.273216;94.6169;22.2431;232.409;76.0199
2020-03-01 15:48:44;1.74948;-0.273216;94.4199;22.2432;233.638;76.9804
2020-03-01 15:48:45;1.75853;0.054711;94.4621;22.2445;251.223;76.0199
2020-03-01 15:48:46;0.589101;-0.273216;94.4929;22.2386;208.056;76.9804
2020-03-01 15:48:47;0.765098;0.054711;94.4794;22.2443;233.31;76.9804
2020-03-01 15:48:48;1.57965;-0.273216;94.3657;22.2499;237.424;76.0199
2020-03-01 15:48:49;1.65106;-0.273216;94.6069;22.2524;238.498;76.9804
2020-03-01 15:48:50;0.853947;-0.273216;94.5323;22.2524;238.006;76.0199
2020-03-01 15:48:51;1.67091;0.054711;94.4244;22.2524;207.836;76.9804
2020-03-01 15:48:52;1.55584;0.054711;94.4847;22.2526;230.575;76.0199
2020-03-01 15:48:53;1.52068;-0.601143;94.5786;22.2475;227.603;77.0
2020-03-01 15:48:54;0.6904;0.382638;94.6388;22.2544;230.632;76.9804
2020-03-01 15:48:55;1.47029;0.054711;94.0383;22.2499;235.401;76.0
2020-03-01 15:48:56;1.2269;-0.273216;94.434;22.2665;223.149;76.0199
2020-03-01 15:48:58;1.15966;0.710565;94.5523;22.258;235.787;77.0
2020-03-01 15:48:59;1.40923;0.054711;94.4744;22.252;224.843;77.0
2020-03-01 15:49:00;1.18724;0.054711;94.6072;22.252;225.268;77.0
2020-03-01 15:49:01;1.57668;0.054711;94.6053;22.2546;241.055;76.9804
2020-03-01 15:49:02;1.15173;0.054711;94.4471;22.2668;236.761;76.0199
2020-03-01 15:49:03;1.75441;0.054711;94.5605;22.2573;236.505;77.0
2020-03-01 15:49:04;1.19902;0.054711;94.5877;22.2623;239.631;77.0
2020-03-01 15:49:05;1.19002;0.054711;94.4949;22.2561;206.224;77.0
2020-03-01 15:49:06;1.45594;0.054711;94.5948;22.2556;227.132;76.9804
2020-03-01 15:49:07;1.15788;0.054711;94.6777;22.2566;207.481;76.0199
2020-03-01 15:49:08;0.633884;0.054711;94.7049;22.2536;222.763;77.0
2020-03-01 15:49:09;1.16046;0.054711;94.6657;22.2536;227.459;76.9804
2020-03-01 15:49:10;1.9561;0.382638;94.8327;22.2524;242.762;76.0199
2020-03-01 15:49:11;1.221;-0.273216;94.6426;22.2433;232.306;77.0
2020-03-01 15:49:12;1.77595;0.382638;94.7546;22.2544;217.134;77.0
2020-03-01 15:49:13;1.37286;-0.273216;94.9664;22.2534;251.86;77.0
2020-03-01 15:49:15;1.62831;0.054711;94.7045;22.2417;233.665;77.0
2020-03-01 15:49:16;1.28297;0.054711;94.8356;22.2437;238.721;76.9804
2020-03-01 15:49:17;1.98654;-0.273216;94.9948;22.2346;234.24;76.0199
2020-03-01 15:49:18;2.02352;0.382638;94.6147;22.2252;223.949;76.9804
2020-03-01 15:49:19;1.33222;0.382638;94.8539;22.2252;235.583;76.0199
2020-03-01 15:49:20;2.19758;0.054711;94.8105;22.2249;249.424;76.9804
2020-03-01 15:49:21;1.88135;-0.601143;94.3864;22.2255;233.691;76.0199
2020-03-01 15:49:22;2.05526;-0.273216;94.8153;22.2226;222.014;76.9804
2020-03-01 15:49:23;2.27611;-0.601143;94.786;22.2242;243.473;76.0199
2020-03-01 15:49:24;1.32955;-0.601143;94.6895;22.2248;224.883;77.0
2020-03-01 15:49:25;1.64066;0.054711;94.5335;22.2114;224.318;77.0
2020-03-01 15:49:26;1.86176;0.054711;94.2414;22.22;237.706;76.9804
2020-03-01 15:49:27;1.86812;0.054711;94.3253;22.22;224.788;76.0199
2020-03-01 15:49:28;0.727232;0.710565;94.4981;22.2202;211.624;76.9804
2020-03-01 15:49:29;1.46919;-0.273216;94.1995;22.2148;227.974;76.0199
2020-03-01 15:49:30;1.77478;0.382638;94.4112;22.223;203.973;76.9804
2020-03-01 15:49:31;1.59422;0.054711;94.2333;22.2133;222.701;76.0
2020-03-01 15:49:32;1.49514;-0.273216;94.1953;22.2176;226.797;76.0199
2020-03-01 15:49:33;1.76988;-0.273216;94.4364;22.2176;229.774;76.9804
2020-03-01 15:49:34;1.64769;-0.273216;94.2019;22.2276;231.626;76.0199
2020-03-01 15:49:35;1.53852;0.054711;94.9112;22.2234;226.009;76.9804
2020-03-01 15:49:36;1.8267;0.054711;94.3197;22.2344;243.245;76.0199
2020-03-01 15:49:38;1.78044;0.382638;94.2751;22.2287;223.136;76.9804
2020-03-01 15:49:39;1.44011;-0.273216;94.8229;22.2205;227.157;76.0
2020-03-01 15:49:40;1.67051;0.054711;94.3126;22.2238;244.167;76.0199
2020-03-01 15:49:41;1.86236;-0.273216;94.3694;22.23;244.991;76.9804
2020-03-01 15:49:42;1.31376;-0.273216;94.1582;22.23;232.071;76.0199
2020-03-01 15:49:43;2.05971;0.382638;94.3253;22.2312;237.822;77.0
2020-03-01 15:49:44;1.72284;0.054711;94.3529;22.2264;244.328;77.0
2020-03-01 15:49:45;1.692;0.382638;94.4725;22.235;232.957;76.9804
2020-03-01 15:49:46;1.17082;0.054711;94.4096;22.234;222.249;76.0401
2020-03-01 15:49:47;0.77476;0.054711;94.4644;22.2294;206.697;76.0
2020-03-01 15:49:48;1.13132;-0.601143;94.4082;22.2289;224.169;76.0199
2020-03-01 15:49:49;0.985601;0.382638;94.3579;22.2277;220.592;76.9804
2020-03-01 15:49:50;1.21527;0.382638;94.3951;22.2277;232.76;76.0199
2020-03-01 15:49:51;1.34835;0.382638;94.3432;22.2299;234.799;76.9804
2020-03-01 15:49:52;1.2064;-0.273216;94.4255;22.2334;251.319;76.0199
2020-03-01 15:49:53;2.05052;0.054711;94.4331;22.2302;253.754;76.9804
2020-03-01 15:49:54;1.75384;0.054711;94.5363;22.2344;231.465;76.0
2020-03-01 15:49:55;1.32246;-0.273216;94.7503;22.2325;242.515;76.0
2020-03-01 15:49:56;0.780694;-0.273216;94.2916;22.2268;213.467;76.0
2020-03-01 15:49:58;0.789323;0.054711;94.5238;22.2289;204.799;76.0
2020-03-01 15:49:59;1.76362;0.054711;94.3564;22.2289;227.87;76.0
2020-03-01 15:50:00;1.51504;0.382638;94.2265;22.2336;228.089;76.0
2020-03-01 15:50:01;1.63032;0.054711;94.3429;22.2475;226.636;76.0
2020-03-01 15:50:02;0.832743;0.382638;94.4693;22.2426;222.072;76.0
2020-03-01 15:50:03;1.40578;0.054711;94.3673;22.2387;234.039;76.0
2020-03-01 15:50:04;1.62769;0.054711;94.3858;22.2389;231.438;76.0
2020-03-01 15:50:05;1.62032;0.054711;94.3804;22.2327;212.033;76.0
2020-03-01 15:50:06;1.75013;0.054711;94.3378;22.2327;236.812;76.0
2020-03-01 15:50:07;2.01741;0.382638;94.2337;22.2385;228.755;76.0
2020-03-01 15:50:08;2.16541;-0.273216;94.2672;22.2417;237.739;76.0
2020-03-01 15:50:09;1.10007;0.054711;94.3329;22.2341;231.148;76.0
2020-03-01 15:50:10;1.51217;0.054711;94.3311;22.2459;227.955;76.0
2020-03-01 15:50:11;2.25341;0.710565;94.5511;22.2478;219.124;76.0199
2020-03-01 15:50:12;1.66824;0.054711;94.5721;22.238;230.79;76.9804
2020-03-01 15:50:13;1.46692;0.054711;94.3244;22.231;223.298;76.0
2020-03-01 15:50:14;1.6988;-0.273216;94.3656;22.2325;229.817;76.0
2020-03-01 15:50:15;1.68755;-0.273216;94.4468;22.2325;237.476;76.0
2020-03-01 15:50:16;1.79041;0.054711;94.6058;22.2444;243.364;76.0
2020-03-01 15:50:17;1.8222;0.054711;94.3618;22.2363;222.45;76.0
2020-03-01 15:50:19;2.20991;0.054711;94.4031;22.2318;242.351;76.0199
2020-03-01 15:50:20;1.6494;-0.601143;94.5622;22.2405;228.851;76.9804
2020-03-01 15:50:21;2.15925;-0.273216;94.3862;22.2366;242.479;76.0199
2020-03-01 15:50:22;1.34909;0.054711;94.5336;22.2408;211.696;76.9804
2020-03-01 15:50:23;2.1732;0.382638;94.8251;22.2265;253.196;76.0199
2020-03-01 15:50:24;1.89772;0.382638;94.7305;22.2265;227.768;76.9804
2020-03-01 15:50:25;1.42941;0.054711;94.455;22.23;238.223;76.0
2020-03-01 15:50:26;1.52001;0.054711;94.7933;22.2307;237.54;76.0
2020-03-01 15:50:27;1.91164;0.382638;94.8251;22.2186;233.661;76.0199
2020-03-01 15:50:28;1.50775;0.382638;94.6632;22.2229;230.148;76.0199
2020-03-01 15:50:29;1.48123;-0.273216;94.8511;22.2182;233.943;77.0
2020-03-01 15:50:30;1.98615;0.054711;94.8192;22.2301;232.701;76.9804
2020-03-01 15:50:31;1.37994;0.382638;94.6497;22.2283;205.879;76.0199
2020-03-01 15:50:32;1.50198;0.054711;94.3726;22.2206;233.913;76.9804
2020-03-01 15:50:33;1.29594;0.382638;94.7705;22.2336;231.073;76.0199
2020-03-01 15:50:34;1.298;0.382638;94.6965;22.2336;232.345;76.9804
2020-03-01 15:50:35;1.90161;0.382638;94.7493;22.2267;225.91;76.0
2020-03-01 15:50:36;1.39709;0.054711;94.7891;22.2352;251.78;76.0199
2020-03-01 15:50:38;1.20494;0.054711;94.8052;22.24;226.781;77.0
2020-03-01 15:50:39;1.33736;0.054711;94.7876;22.2394;218.86;76.9804
2020-03-01 15:50:40;1.46887;0.054711;94.7479;22.2395;235.525;76.0199
2020-03-01 15:50:41;1.12847;0.382638;94.9139;22.2421;219.078;76.9804
2020-03-01 15:50:42;1.81845;0.382638;94.8005;22.2421;237.096;76.0
2020-03-01 15:50:43;1.21879;0.054711;94.8438;22.233;226.08;76.0
2020-03-01 15:50:44;1.75296;0.054711;94.7064;22.2455;252.959;76.0199
2020-03-01 15:50:45;1.1839;0.054711;94.743;22.2342;232.418;76.9804
2020-03-01 15:50:46;0.691549;-0.273216;94.6928;22.2407;214.9;76.0199
2020-03-01 15:50:47;1.06386;0.382638;94.8863;22.2432;252.731;76.0
2020-03-01 15:50:48;1.12271;0.054711;94.8638;22.2461;229.932;76.0199
2020-03-01 15:50:49;1.43399;0.382638;94.8188;22.2416;216.703;76.9804
2020-03-01 15:50:50;1.03018;0.054711;94.8385;22.2398;223.662;76.0199
2020-03-01 15:50:51;0.746612;-0.273216;94.8261;22.2418;222.446;77.0
2020-03-01 15:50:52;1.01038;-0.273216;94.8784;22.2418;232.025;77.0
2020-03-01 15:50:53;1.78792;-0.601143;94.9364;22.2305;208.844;76.9804
2020-03-01 15:50:54;1.58836;0.054711;94.3573;22.2359;233.053;76.0199
2020-03-01 15:50:55;1.9827;-0.273216;94.8938;22.231;238.436;77.0
2020-03-01 15:50:57;1.01247;0.054711;94.7686;22.2195;229.115;77.0
2020-03-01 15:50:58;2.23838;-0.273216;94.9345;22.2342;250.647;76.9804
2020-03-01 15:50:59;0.981356;-0.273216;94.7211;22.2263;232.33;76.0199
2020-03-01 15:51:00;1.95477;-0.601143;94.8999;22.2265;233.069;76.9804
2020-03-01 15:51:01;1.78039;-0.601143;94.8659;22.2265;222.387;76.0199
2020-03-01 15:51:02;2.06884;0.382638;95.0034;22.2332;228.337;77.0
2020-03-01 15:51:03;2.17376;0.382638;95.0114;22.229;246.877;76.9804
2020-03-01 15:51:04;1.75378;0.382638;94.9964;22.2227;219.314;76.0199
2020-03-01 15:51:05;1.90777;0.054711;94.7692;22.2308;231.539;77.0
2020-03-01 15:51:06;1.95992;0.382638;94.8602;22.2269;243.478;76.0199
2020-03-01 15:51:07;0.757933;0.054711;94.9118;22.2348;212.499;76.9804
2020-03-01 15:51:08;1.87446;0.054711;94.3596;22.2302;226.031;76.0199
2020-03-01 15:51:09;2.21757;0.054711;94.9765;22.2302;248.652;77.0
2020-03-01 15:51:10;1.9864;0.054711;94.7981;22.2357;230.256;76.9804
2020-03-01 15:51:11;1.64508;0.054711;94.5471;22.2369;209.273;76.0199
2020-03-01 15:51:12;2.20083;0.054711;94.763;22.2224;251.219;77.0
2020-03-01 15:51:13;1.73545;-0.273216;94.9179;22.2284;230.731;77.0
2020-03-01 15:51:14;1.12689;0.054711;94.5588;22.2205;219.584;77.0
2020-03-01 15:51:15;1.17199;0.054711;94.6305;22.2262;226.122;76.9804
2020-03-01 15:51:16;1.85966;0.054711;94.2576;22.2262;232.759;76.0199
2020-03-01 15:51:18;2.04428;0.054711;94.7793;22.2204;239.599;77.0
2020-03-01 15:51:19;1.20785;0.382638;94.1363;22.2192;245.882;76.9804
2020-03-01 15:51:20;1.89695;0.054711;94.1953;22.2164;208.928;76.0199
2020-03-01 15:51:21;1.91864;-0.273216;94.2222;22.2214;208.533;76.9804
2020-03-01 15:51:22;1.86215;0.054711;94.1762;22.2203;230.642;76.0199
2020-03-01 15:51:23;1.83874;-0.273216;94.2064;22.2074;231.06;77.0
2020-03-01 15:51:24;1.88388;0.382638;94.0185;22.2165;230.038;77.0
2020-03-01 15:51:25;1.79831;0.382638;94.0752;22.2165;229.326;77.0
2020-03-01 15:51:26;1.72117;0.054711;94.3818;22.2191;228.504;76.9804
2020-03-01 15:51:27;0.828904;0.054711;94.0765;22.2103;212.322;76.0199
2020-03-01 15:51:28;2.23396;0.382638;94.1765;22.207;246.665;76.9804
2020-03-01 15:51:29;1.22153;0.382638;94.6665;22.2157;233.127;76.9804
2020-03-01 15:51:30;1.58762;0.054711;94.0995;22.2152;232.262;76.0
2020-03-01 15:51:31;1.09525;0.382638;94.1441;22.2169;234.006;76.0199
2020-03-01 15:51:32;1.03605;-0.273216;94.1269;22.2241;205.958;77.0
2020-03-01 15:51:33;1.11285;0.382638;94.1477;22.2236;219.113;76.9804
2020-03-01 15:51:34;0.928426;0.382638;94.1199;22.2236;231.436;76.0
2020-03-01 15:51:35;1.54017;0.382638;94.011;22.2218;226.653;76.0199
2020-03-01 15:51:36;1.48414;0.382638;93.9704;22.225;228.386;77.0
2020-03-01 15:51:37;0.640611;0.054711;93.8313;22.217;229.299;76.9804
2020-03-01 15:51:39;1.66477;0.382638;94.0653;22.2129;225.97;76.0
2020-03-01 15:51:40;1.32432;0.054711;93.9962;22.2136;231.507;76.0199
2020-03-01 15:51:41;1.47484;0.382638;94.0821;22.2222;248.679;76.961
2020-03-01 15:51:42;1.40538;0.382638;93.9533;22.2176;232.563;75.0401
2020-03-01 15:51:43;1.55829;0.054711;93.9126;22.2095;206.968;77.0
2020-03-01 15:51:44;2.28208;0.054711;93.8564;22.2095;248.242;77.0
2020-03-01 15:51:45;1.12334;0.054711;93.8994;22.2092;228.207;76.9804
2020-03-01 15:51:46;1.06091;0.054711;93.8139;22.2103;229.221;76.0
2020-03-01 15:51:47;0.689138;0.054711;93.6269;22.2092;211.587;76.9801
2020-03-01 15:51:48;1.70903;0.054711;93.6083;22.2101;238.917;76.0201
2020-03-01 15:51:49;1.73947;0.054711;93.5491;22.2064;241.279;76.9801
2020-03-01 15:51:50;1.57041;0.054711;93.4692;22.2081;219.563;76.0201
2020-03-01 15:51:51;1.91831;0.054711;93.5216;22.2081;229.096;76.9801
2020-03-01 15:51:52;1.6676;-0.273216;93.7049;22.2007;224.82;76.0201
2020-03-01 15:51:53;1.00495;0.382638;93.669;22.2098;229.031;76.9801
2020-03-01 15:51:54;1.07349;0.054711;93.4489;22.2148;223.578;76.0201
2020-03-01 15:51:55;1.75324;0.054711;93.4624;22.2145;231.689;77.0
2020-03-01 15:51:56;0.828359;0.382638;93.3099;22.2126;208.022;77.0
2020-03-01 15:51:57;1.81106;0.054711;93.4642;22.2098;209.465;76.9801
2020-03-01 15:51:59;2.07303;-0.273216;93.3153;22.2133;238.72;76.0201
2020-03-01 15:52:00;0.865245;0.382638;93.2776;22.2189;215.991;77.0
2020-03-01 15:52:01;0.96526;0.382638;93.5296;22.2189;217.372;77.0
2020-03-01 15:52:02;1.71269;0.054711;93.1911;22.2141;220.195;77.0
2020-03-01 15:52:03;1.98609;0.054711;93.2285;22.2204;231.541;77.0
2020-03-01 15:52:04;1.89644;0.054711;93.1524;22.2092;245.331;76.9801
2020-03-01 15:52:05;1.63244;0.054711;93.3436;22.2246;231.334;76.0201
2020-03-01 15:52:06;1.8213;0.054711;93.0914;22.2147;224.044;76.9801
2020-03-01 15:52:07;1.01089;0.054711;92.9916;22.2138;222.869;76.0201
2020-03-01 15:52:08;1.72699;0.054711;93.119;22.2138;241.417;76.0201
2020-03-01 15:52:09;1.73191;0.054711;93.1448;22.2181;228.567;77.0
2020-03-01 15:52:10;2.00409;0.054711;93.357;22.2138;243.938;77.0
2020-03-01 15:52:11;1.79484;0.054711;93.0088;22.22;229.128;77.0
2020-03-01 15:52:12;1.48792;0.054711;93.3318;22.2149;223.982;77.0
2020-03-01 15:52:13;1.98771;-0.273216;93.0975;22.2141;238.748;77.0
2020-03-01 15:52:14;1.75861;0.710565;93.311;22.2246;236.306;76.9801
2020-03-01 15:52:15;1.71882;-0.273216;92.7576;22.2186;216.26;76.0201
2020-03-01 15:52:16;1.79505;-0.273216;93.1392;22.2186;221.057;77.0
2020-03-01 15:52:17;1.67971;0.054711;93.1239;22.2223;217.042;76.9801
2020-03-01 15:52:18;0.740266;0.054711;92.9479;22.2214;221.736;76.0
2020-03-01 15:52:19;1.97483;0.054711;92.9579;22.2331;235.358;76.0201
2020-03-01 15:52:21;1.17974;0.054711;93.0578;22.2269;227.601;76.9801
2020-03-01 15:52:22;1.16591;0.054711;92.9311;22.2369;244.528;76.0201
2020-03-01 15:52:23;1.60991;0.382638;93.0692;22.228;232.201;77.0
2020-03-01 15:52:24;0.700067;0.054711;92.905;22.2364;222.016;76.9801
2020-03-01 15:52:25;0.720006;0.054711;92.9308;22.2298;209.126;76.0201
2020-03-01 15:52:26;1.84048;0.054711;92.8663;22.2298;230.318;77.0
2020-03-01 15:52:27;1.24319;-0.601143;92.8501;22.2289;243.54;76.9801
2020-03-01 15:52:28;0.673616;0.054711;92.8832;22.2347;220.434;76.0201
2020-03-01 15:52:29;1.7672;-0.273216;92.809;22.2475;253.741;77.0
2020-03-01 15:52:30;1.18564;0.054711;92.8214;22.2434;219.125;76.0201
2020-03-01 15:52:31;1.30446;0.054711;92.5943;22.2482;235.194;77.0
2020-03-01 15:52:32;1.50161;0.054711;92.5975;22.2434;231.525;76.9801
2020-03-01 15:52:33;1.17861;0.054711;92.6895;22.2477;236.631;76.0
2020-03-01 15:52:34;1.4256;-0.273216;92.778;22.2526;222.59;76.0406
2020-03-01 15:52:35;1.30414;-0.273216;92.5598;22.2526;244.209;77.9605
2020-03-01 15:52:36;0.596805;0.054711;92.5358;22.2526;229.944;76.0201
2020-03-01 15:52:37;1.74976;-0.273216;92.4634;22.2527;232.408;77.0
2020-03-01 15:52:38;1.39957;-0.273216;92.405;22.2551;237.331;77.0
2020-03-01 15:52:39;1.22613;0.054711;92.6219;22.2541;228.633;77.0
2020-03-01 15:52:40;1.33478;0.054711;92.5133;22.251;222.03;76.9801
2020-03-01 15:52:41;1.44404;0.054711;92.3212;22.2609;224.041;76.0201
2020-03-01 15:52:43;1.66662;0.054711;92.5763;22.2609;243.466;77.0
2020-03-01 15:52:44;1.25126;0.054711;92.4919;22.2654;208.508;76.9801
2020-03-01 15:52:45;1.90466;-0.601143;92.2333;22.2572;231.512;76.0201
2020-03-01 15:52:46;1.99786;0.054711;92.4908;22.2608;237.317;77.0
2020-03-01 15:52:47;1.94182;0.054711;92.3194;22.2745;232.539;77.0
2020-03-01 15:52:48;1.45732;0.382638;92.3067;22.2593;243.701;77.0
2020-03-01 15:52:49;2.01127;0.054711;92.2666;22.2667;227.963;77.0
2020-03-01 15:52:50;1.85708;0.054711;92.2314;22.2701;221.411;77.0
2020-03-01 15:52:51;2.19663;0.054711;92.1355;22.2701;236.98;76.9801
2020-03-01 15:52:52;1.79964;0.382638;92.3317;22.2722;207.108;77.9605
2020-03-01 15:52:53;1.76956;0.054711;92.1451;22.2712;238.442;76.0201
2020-03-01 15:52:54;1.90802;-0.92907;92.141;22.2651;233.831;77.0
2020-03-01 15:52:55;1.78145;0.054711;92.0386;22.2614;218.802;77.0
2020-03-01 15:52:56;1.44918;-0.273216;92.0346;22.2708;221.002;77.0
2020-03-01 15:52:57;1.5395;-0.601143;91.7934;22.2648;229.708;77.0
2020-03-01 15:52:58;1.66135;-0.601143;91.9155;22.2648;207.305;76.9801
2020-03-01 15:52:59;1.08228;0.382638;91.5162;22.264;231.28;76.0201
2020-03-01 15:53:00;1.84439;0.054711;91.7568;22.2603;231.019;76.9801
2020-03-01 15:53:01;1.53039;0.054711;91.3852;22.2488;211.327;76.0406
2020-03-01 15:53:02;1.54384;0.054711;91.5067;22.256;232.017;77.9605
2020-03-01 15:53:03;2.03116;0.054711;91.2953;22.2572;239.446;76.0406
2020-03-01 15:53:05;1.51091;0.054711;91.4008;22.2457;216.264;77.9801
2020-03-01 15:53:06;1.4115;-0.273216;91.272;22.2475;231.029;77.0
2020-03-01 15:53:07;1.49542;-0.273216;91.7079;22.2475;207.577;77.0
2020-03-01 15:53:08;2.10336;-0.273216;91.4797;22.2429;241.238;77.0
2020-03-01 15:53:09;2.14371;0.054711;91.1728;22.2458;246.292;76.9801
2020-03-01 15:53:10;1.64191;-0.273216;91.3811;22.2441;231.672;76.0406
2020-03-01 15:53:11;1.41007;0.054711;91.096;22.2437;234.264;77.9605
2020-03-01 15:53:12;1.73667;-0.273216;91.4496;22.2437;234.705;76.0201
2020-03-01 15:53:13;1.31809;0.382638;91.0229;22.2308;205.824;77.0
2020-03-01 15:53:14;1.76411;0.382638;91.0898;22.2308;223.492;76.9801
2020-03-01 15:53:15;1.6446;0.054711;91.0263;22.2434;230.935;77.0
2020-03-01 15:53:16;1.52361;-0.273216;91.0832;22.2411;229.904;77.0
2020-03-01 15:53:17;1.69076;0.054711;91.491;22.2354;228.648;77.0
2020-03-01 15:53:18;1.80198;0.382638;90.8978;22.2395;240.653;76.9801
2020-03-01 15:53:19;1.92994;0.382638;90.8952;22.2438;231.675;76.0201
2020-03-01 15:53:20;1.76761;0.054711;90.9347;22.2393;223.509;77.0
2020-03-01 15:53:21;1.65329;0.054711;90.7889;22.2393;231.926;77.0
2020-03-01 15:53:22;1.6329;0.382638;90.8356;22.2381;225.845;76.9801
2020-03-01 15:53:23;1.15368;0.054711;90.8912;22.2448;230.147;76.0406
2020-03-01 15:53:24;1.5708;-0.273216;90.825;22.24;248.203;77.9605
2020-03-01 15:53:25;1.26274;0.382638;90.7046;22.2375;237.484;76.0406
2020-03-01 15:53:26;1.68469;0.054711;90.6187;22.2438;243.501;77.9605
2020-03-01 15:53:28;1.5321;0.054711;90.59;22.2296;241.69;76.0201
2020-03-01 15:53:29;1.54239;0.054711;90.6546;22.2296;223.445;76.9801
2020-03-01 15:53:30;1.91263;0.054711;90.9146;22.2296;234.832;76.0201
2020-03-01 15:53:31;1.65922;0.054711;90.7911;22.2438;248.579;77.0
2020-03-01 15:53:32;1.62452;0.054711;90.4918;22.2328;236.997;76.9801
2020-03-01 15:53:33;1.44032;-0.273216;90.6499;22.2452;234.055;76.0201
2020-03-01 15:53:34;1.44411;0.382638;90.8694;22.2438;230.105;76.9801
2020-03-01 15:53:35;1.80397;0.054711;90.5271;22.2368;244.649;76.0201
2020-03-01 15:53:36;1.40334;0.054711;90.5423;22.2356;222.04;77.0
2020-03-01 15:53:37;0.716087;0.054711;90.4183;22.2417;212.361;77.0
2020-03-01 15:53:38;1.1789;0.054711;90.4954;22.2417;234.557;77.0
2020-03-01 15:53:39;1.05821;0.054711;90.3916;22.2314;222.34;76.0201
2020-03-01 15:53:40;1.74524;0.710565;90.3256;22.2367;226.924;77.0
2020-03-01 15:53:41;1.21286;0.382638;90.3898;22.2375;232.737;77.0
2020-03-01 15:53:42;1.15182;-0.601143;90.196;22.2321;240.001;76.9801
2020-03-01 15:53:43;1.79135;-0.601143;90.3655;22.2474;215.598;76.0201
2020-03-01 15:53:44;1.73972;0.054711;90.1773;22.2461;236.684;77.0
2020-03-01 15:53:45;0.838228;-0.273216;90.2941;22.2467;211.956;77.0
2020-03-01 15:53:46;1.82626;-0.273216;90.3864;22.2467;229.413;76.9801
2020-03-01 15:53:47;1.8714;0.054711;90.1258;22.2392;205.871;76.0201
2020-03-01 15:53:48;1.08544;0.054711;90.145;22.2471;219.536;76.9801
2020-03-01 15:53:49;1.67413;0.382638;90.0928;22.2407;229.556;76.0201
2020-03-01 15:53:50;1.79592;0.054711;90.1938;22.2448;231.964;77.0
2020-03-01 15:53:52;1.69335;0.382638;90.0013;22.2372;233.18;77.0
2020-03-01 15:53:53;1.05875;0.054711;90.1092;22.2401;227.947;77.0
2020-03-01 15:53:54;1.06947;0.054711;90.0809;22.2401;234.64;77.0
2020-03-01 15:53:55;1.87164;0.054711;89.9313;22.2462;207.096;76.9801
2020-03-01 15:53:56;1.70882;0.382638;89.9392;22.2396;227.563;76.0201
2020-03-01 15:53:57;1.79758;0.054711;90.164;22.2439;235.916;77.0
2020-03-01 15:53:58;1.17731;0.382638;90.1132;22.2382;231.491;77.0
2020-03-01 15:53:59;1.80446;0.054711;89.953;22.2331;226.622;77.0
2020-03-01 15:54:00;2.13506;0.382638;90.075;22.2425;246.701;76.9801
2020-03-01 15:54:01;1.82725;0.054711;90.1519;22.2328;243.569;76.0201
2020-03-01 15:54:02;2.17115;0.382638;89.8632;22.2277;240.173;76.0201
2020-03-01 15:54:03;1.88271;0.382638;89.9974;22.2277;230.571;77.0
2020-03-01 15:54:04;2.14576;0.054711;89.9337;22.2338;253.682;77.0
2020-03-01 15:54:05;2.07137;0.382638;89.9217;22.2423;233.45;77.0
2020-03-01 15:54:06;1.53922;-0.273216;90.0523;22.2311;229.332;77.0
2020-03-01 15:54:07;1.88188;-0.273216;90.161;22.2411;234.102;77.0
2020-03-01 15:54:08;1.80644;0.054711;90.1804;22.2339;229.476;77.0
2020-03-01 15:54:09;1.45902;0.382638;90.3265;22.2333;221.935;76.9801
2020-03-01 15:54:10;1.84725;0.054711;89.9231;22.2414;230.591;76.0406
2020-03-01 15:54:11;1.97652;0.054711;90.2335;22.2414;237.276;77.9605
2020-03-01 15:54:12;1.89269;0.382638;90.1887;22.2332;238.196;76.0201
2020-03-01 15:54:13;1.83064;0.054711;90.3632;22.2377;236.523;76.9801
2020-03-01 15:54:15;1.21232;0.382638;90.112;22.2294;251.391;76.0201
2020-03-01 15:54:16;1.95049;0.054711;89.7787;22.2389;227.741;77.0
2020-03-01 15:54:17;1.97302;0.382638;90.2288;22.2455;226.419;77.0
2020-03-01 15:54:18;1.86033;0.382638;90.3198;22.2448;236.911;77.0
2020-03-01 15:54:19;1.62883;0.382638;89.7256;22.2458;219.126;76.9801
2020-03-01 15:54:20;1.66864;0.054711;90.208;22.2484;220.3;76.0201
2020-03-01 15:54:21;1.48941;0.382638;89.6517;22.2515;234.346;77.0
2020-03-01 15:54:22;1.86053;0.382638;90.0388;22.2515;228.793;76.9605
2020-03-01 15:54:23;1.82196;0.054711;90.0768;22.2407;229.407;75.0406
2020-03-01 15:54:24;1.89132;0.054711;90.1353;22.2553;239.149;76.0201
2020-03-01 15:54:25;1.95115;0.054711;90.0235;22.248;231.828;76.9801
2020-03-01 15:54:26;1.81971;-0.273216;89.696;22.2562;232.3;76.0
2020-03-01 15:54:27;1.12183;0.382638;90.1314;22.2513;229.666;76.0
2020-03-01 15:54:28;0.678045;0.382638;90.0099;22.2584;212.969;75.9801
2020-03-01 15:54:29;1.18107;0.054711;89.9161;22.2473;227.24;75.0201
2020-03-01 15:54:30;1.64842;0.054711;89.7197;22.2473;234.404;76.0
2020-03-01 15:54:31;1.83015;-0.601143;89.9577;22.2443;230.787;76.0
2020-03-01 15:54:32;1.76644;0.382638;89.9128;22.2406;238.793;76.0
2020-03-01 15:54:33;1.24586;0.054711;90.0258;22.2484;238.121;76.0
2020-03-01 15:54:34;0.99418;0.382638;90.0297;22.2436;221.062;75.9801
2020-03-01 15:54:36;1.81145;0.054711;89.8677;22.2421;225.299;75.0
2020-03-01 15:54:37;1.10465;-0.273216;89.759;22.2279;224.53;75.0201
2020-03-01 15:54:38;1.4605;0.054711;90.0419;22.2353;238.969;75.9801
2020-03-01 15:54:39;1.02997;0.054711;89.7864;22.2353;232.518;75.0
2020-03-01 15:54:40;1.72079;0.054711;89.9415;22.2366;236.708;75.0
2020-03-01 15:54:41;1.73007;0.382638;89.8876;22.2324;243.186;75.0
2020-03-01 15:54:42;1.00757;0.054711;89.728;22.2302;221.492;75.0
2020-03-01 15:54:43;1.01641;0.054711;89.762;22.225;224.383;75.0
2020-03-01 15:54:44;1.61358;0.054711;89.9608;22.2177;220.719;74.9801
2020-03-01 15:54:45;1.47367;0.054711;89.8987;22.2284;225.518;74.0406
2020-03-01 15:54:46;1.93319;0.054711;89.7515;22.2284;244.837;75.9605
2020-03-01 15:54:47;1.77753;0.382638;90.0189;22.2187;231.322;74.0201
2020-03-01 15:54:48;2.05389;-0.273216;89.8681;22.2221;250.627;74.9801
2020-03-01 15:54:49;0.89829;0.054711;89.7412;22.2173;237.332;74.0
2020-03-01 15:54:50;0.856096;0.054711;89.8126;22.2273;220.816;74.0
2020-03-01 15:54:51;1.05599;0.054711;89.9743;22.2192;232.331;74.0
2020-03-01 15:54:52;2.02635;0.054711;90.1219;22.2216;248.96;74.0
2020-03-01 15:54:53;1.01889;0.054711;89.8977;22.221;225.037;74.0
2020-03-01 15:54:54;2.18869;0.382638;89.9071;22.2249;238.358;74.0
2020-03-01 15:54:55;0.979062;0.382638;89.8087;22.2249;206.163;74.0
2020-03-01 15:54:56;1.95494;0.710565;89.9155;22.2193;210.029;74.0
2020-03-01 15:54:57;1.52478;0.054711;89.8741;22.2278;226.409;74.0
2020-03-01 15:54:59;1.96821;0.054711;89.9884;22.236;240.103;73.9801
2020-03-01 15:55:00;2.20824;-0.273216;89.939;22.2406;248.513;73.0202
2020-03-01 15:55:01;1.05425;0.382638;89.8078;22.235;231.614;74.0
2020-03-01 15:55:02;1.77437;0.054711;89.3916;22.2361;215.505;74.0
2020-03-01 15:55:03;1.08328;0.382638;89.9781;22.2451;222.714;73.9801
2020-03-01 15:55:04;0.614617;0.382638;89.7962;22.2451;207.888;73.0406
2020-03-01 15:55:05;1.62042;0.054711;89.8118;22.2294;231.281;74.9605
2020-03-01 15:55:06;2.18517;0.054711;90.062;22.2337;245.476;73.0202
2020-03-01 15:55:07;2.16832;0.054711;89.9176;22.2381;243.721;74.0
2020-03-01 15:55:08;1.77499;0.054711;89.8641;22.2418;220.966;74.0201
2020-03-01 15:55:09;2.11032;0.054711;89.898;22.2307;253.622;74.9801
2020-03-01 15:55:10;1.98612;0.054711;89.8298;22.2406;232.455;73.0202
2020-03-01 15:55:11;1.90012;0.054711;89.7597;22.2409;230.867;74.0
2020-03-01 15:55:12;1.86407;0.054711;89.7327;22.2507;221.416;74.0
2020-03-01 15:55:13;2.05653;0.054711;89.9174;22.2372;214.048;73.9801
2020-03-01 15:55:14;1.30946;0.054711;89.8721;22.2372;224.536;73.0202
2020-03-01 15:55:15;1.78959;0.054711;89.8562;22.246;233.016;74.0
2020-03-01 15:55:16;1.99326;0.382638;89.3976;22.2354;242.066;74.0
2020-03-01 15:55:17;1.94437;-0.273216;89.9191;22.243;232.594;74.0201
2020-03-01 15:55:18;2.19262;0.054711;89.5584;22.2357;231.847;74.9801
2020-03-01 15:55:19;2.01955;0.054711;89.6439;22.2412;236.199;74.0
2020-03-01 15:55:20;1.93985;0.054711;89.293;22.2412;230.859;74.0
2020-03-01 15:55:21;1.8809;0.054711;89.9422;22.2412;237.1;73.9801
2020-03-01 15:55:22;1.29862;0.382638;89.7879;22.2404;225.245;73.0202
2020-03-01 15:55:24;1.92917;0.382638;89.8538;22.2445;240.001;74.0
2020-03-01 15:55:25;1.96262;0.054711;89.4287;22.2397;231.15;74.0
2020-03-01 15:55:26;1.17442;0.382638;89.8807;22.2241;223.183;73.9801
2020-03-01 15:55:27;1.60037;-0.273216;89.264;22.2352;220.228;73.0406
2020-03-01 15:55:28;1.52095;0.710565;89.4847;22.2317;230.525;74.9605
2020-03-01 15:55:29;1.88511;0.710565;89.1491;22.2317;238.034;73.0202
2020-03-01 15:55:30;1.62367;0.054711;89.4661;22.2289;229.331;74.0
2020-03-01 15:55:31;1.53845;-0.601143;89.2914;22.2188;227.101;74.0
2020-03-01 15:55:32;1.30663;0.054711;89.2356;22.2206;222.893;73.9801
2020-03-01 15:55:33;1.83399;0.054711;89.081;22.2274;222.128;73.0202
2020-03-01 15:55:34;1.4665;0.054711;89.3691;22.2113;214.347;73.9801
2020-03-01 15:55:35;1.82962;0.382638;89.4088;22.2149;225.565;74.9801
2020-03-01 15:55:36;1.75634;0.054711;89.3012;22.2166;250.438;74.0
2020-03-01 15:55:37;1.5405;0.054711;89.0576;22.2166;231.343;74.0
2020-03-01 15:55:38;0.659466;0.382638;89.1685;22.2135;206.06;73.9801
2020-03-01 15:55:39;0.659927;-0.601143;89.1786;22.2117;213.748;73.0202
2020-03-01 15:55:40;1.6839;0.382638;89.1538;22.2142;248.814;74.0
2020-03-01 15:55:41;1.96188;0.382638;89.1015;22.1997;230.902;74.0201
2020-03-01 15:55:42;1.46562;-0.273216;89.1483;22.2037;230.821;74.9605
2020-03-01 15:55:43;1.92821;0.054711;89.054;22.2147;234.842;73.0202
2020-03-01 15:55:44;1.18167;-0.273216;89.1663;22.2113;231.529;74.0
2020-03-01 15:55:45;1.87671;-0.273216;89.1861;22.2113;231.619;74.0
2020-03-01 15:55:47;1.83147;0.382638;89.1377;22.2132;223.027;74.0
2020-03-01 15:55:48;1.19685;0.054711;88.9488;22.2107;230.557;74.0
2020-03-01 15:55:49;1.36748;0.054711;89.202;22.2111;220.632;74.0
2020-03-01 15:55:50;1.30224;-0.273216;89.0735;22.2097;224.604;74.0
2020-03-01 15:55:51;1.47421;0.054711;89.0707;22.2194;232.039;74.0
2020-03-01 15:55:52;1.65725;-0.273216;89.1091;22.2122;233.117;74.0
2020-03-01 15:55:53;1.57129;-0.273216;89.0089;22.2122;231.419;74.0
2020-03-01 15:55:54;1.50241;0.054711;89.1176;22.2223;229.95;74.0
2020-03-01 15:55:55;1.77643;0.054711;89.1634;22.2036;244.863;74.0
2020-03-01 15:55:56;1.44325;0.054711;89.1011;22.22;224.075;74.0
2020-03-01 15:55:57;1.3023;-0.273216;88.972;22.2072;226.407;74.0
2020-03-01 15:55:58;1.35247;0.382638;89.197;22.2059;229.039;74.0
2020-03-01 15:55:59;1.40144;0.054711;89.0427;22.2107;232.679;74.0
2020-03-01 15:56:00;1.43667;0.054711;89.0322;22.2107;226.18;74.0
2020-03-01 15:56:01;1.64492;0.054711;89.0835;22.213;236.722;73.9801
2020-03-01 15:56:02;2.26773;0.054711;89.0135;22.2107;244.468;73.0202
2020-03-01 15:56:03;1.66694;0.382638;88.8289;22.2059;251.085;74.0201
2020-03-01 15:56:04;1.48207;0.054711;89.0466;22.2084;225.879;74.9605
2020-03-01 15:56:05;1.35675;0.054711;88.8872;22.2141;227.536;73.0202
2020-03-01 15:56:06;1.40623;0.054711;89.0089;22.202;220.587;74.0201
2020-03-01 15:56:07;2.31994;0.054711;88.8157;22.2138;253.22;74.9801
2020-03-01 15:56:08;1.63585;0.054711;88.8119;22.202;230.083;74.0
2020-03-01 15:56:10;1.72995;0.054711;89.0185;22.202;229.396;74.0
2020-03-01 15:56:11;1.73959;0.382638;88.9902;22.1971;248.979;74.0
2020-03-01 15:56:12;1.406;0.054711;88.9588;22.1937;216.143;74.0
2020-03-01 15:56:13;2.01287;0.054711;88.9366;22.2017;235.642;74.0204
2020-03-01 15:56:14;2.14556;0.382638;88.9859;22.1937;234.36;74.9799
2020-03-01 15:56:15;1.91811;-0.273216;89.2007;22.2033;224.619;74.0
2020-03-01 15:56:16;2.02469;-0.273216;89.0762;22.2005;232.895;74.0
2020-03-01 15:56:17;1.91523;-0.273216;89.2488;22.2005;225.971;74.0
2020-03-01 15:56:18;1.96665;-0.273216;88.9925;22.2039;231.885;74.0
2020-03-01 15:56:19;2.22415;0.054711;88.9807;22.2065;245.424;74.0
2020-03-01 15:56:20;1.72316;0.054711;89.2326;22.2003;233.922;73.0204
2020-03-01 15:56:21;2.16215;0.054711;88.9663;22.2107;251.116;74.0
2020-03-01 15:56:22;1.89845;0.382638;88.865;22.1992;229.962;74.0
2020-03-01 15:56:23;1.90433;0.054711;89.2284;22.212;204.547;74.0
2020-03-01 15:56:24;1.84618;0.054711;89.3518;22.212;226.371;74.0204
2020-03-01 15:56:25;1.75733;0.382638;89.2681;22.2093;225.314;74.9799
2020-03-01 15:56:26;1.90437;0.054711;89.451;22.2105;231.117;74.0
2020-03-01 15:56:27;1.96585;0.054711;89.5125;22.2222;239.643;74.0
2020-03-01 15:56:28;1.77685;0.054711;89.6921;22.2036;225.19;74.0
2020-03-01 15:56:30;1.34628;0.054711;89.8215;22.2159;226.644;74.0
2020-03-01 15:56:31;1.59173;0.054711;89.2746;22.2109;230.593;74.0
2020-03-01 15:56:32;1.73192;0.382638;89.5986;22.2165;235.432;74.0
2020-03-01 15:56:33;1.91074;0.054711;89.7012;22.216;243.532;73.9799
2020-03-01 15:56:34;1.71619;0.054711;89.3955;22.2087;233.847;73.0411
2020-03-01 15:56:35;1.91781;0.054711;89.7024;22.2087;231.384;74.9799
2020-03-01 15:56:36;0.840142;0.054711;89.7953;22.2176;209.89;74.0
2020-03-01 15:56:37;2.07952;0.382638;90.0352;22.2145;221.632;74.0
2020-03-01 15:56:38;1.85068;-0.273216;89.8978;22.2225;228.751;74.0
2020-03-01 15:56:39;1.95293;0.054711;89.9125;22.2162;213.667;74.0
2020-03-01 15:56:40;1.20889;0.054711;89.896;22.2096;250.3;74.0
2020-03-01 15:56:41;1.7444;0.054711;89.9549;22.2135;221.587;74.0
2020-03-01 15:56:42;0.842357;-0.273216;90.0475;22.2154;211.391;74.0
2020-03-01 15:56:43;1.09001;-0.273216;90.1338;22.2154;235.781;74.0
2020-03-01 15:56:44;1.03718;0.054711;89.9826;22.2188;226.1;74.0
2020-03-01 15:56:45;1.83769;0.054711;90.1367;22.2099;243.209;74.0
2020-03-01 15:56:46;1.86998;-0.601143;90.1274;22.2157;231.108;74.0204
2020-03-01 15:56:47;2.16691;-0.273216;89.991;22.2216;248.084;75.0
2020-03-01 15:56:48;1.75489;0.054711;90.0895;22.2141;219.768;74.9799
2020-03-01 15:56:50;0.733833;0.054711;90.0661;22.2088;207.167;74.0
2020-03-01 15:56:51;0.934478;0.054711;90.1558;22.2063;232.227;74.0
2020-03-01 15:56:52;1.89261;-0.601143;90.301;22.2152;230.782;74.0
2020-03-01 15:56:53;1.17203;-0.601143;90.3849;22.2152;237.383;74.0
2020-03-01 15:56:54;1.73793;0.382638;90.3963;22.2122;217.411;74.0
2020-03-01 15:56:55;1.11892;0.054711;90.3176;22.205;236.049;74.0
2020-03-01 15:56:56;1.05301;0.054711;90.5635;22.209;229.873;74.0
2020-03-01 15:56:57;1.83265;0.382638;90.4584;22.2023;229.471;74.0
2020-03-01 15:56:58;1.73285;0.054711;90.4399;22.2059;234.884;74.0
2020-03-01 15:56:59;1.82815;0.054711;90.4704;22.1988;241.719;74.0
2020-03-01 15:57:00;1.68181;0.054711;90.5;22.2029;229.046;74.0
2020-03-01 15:57:01;1.71386;0.054711;90.6735;22.2029;221.653;74.0204
2020-03-01 15:57:02;1.52788;-0.273216;90.5728;22.2021;237.739;74.9799
2020-03-01 15:57:03;1.78583;-0.273216;90.4393;22.212;224.866;74.0
2020-03-01 15:57:04;1.51095;-0.273216;90.62;22.2098;233.475;74.0
